keyword,fs_probability,ls_probability
萊克多巴胺,0.3333333333333333,0.0
瘦肉精,1.0,0.0
美國,0.6666666666666666,0.0
可能,0.0,0.0
影響,0.3333333333333333,0.0
政府,0.6666666666666666,0.0
豬隻,0.0,0.0
研究,0.3333333333333333,0.0
進口,1.0,0.0
神經,0.3333333333333333,0.0
醫師,0.6666666666666666,0.0
開放,1.0,0.0
動物,0.6666666666666666,0.0
台灣,0.3333333333333333,0.0
歐盟,0.0,0.0
標準,0.0,0.0
中樞,0.3333333333333333,0.0
心血管,0.3333333333333333,0.0
發現,0.3333333333333333,0.0
長期,0.3333333333333333,0.0
